<?xml version='1.0' encoding='UTF-8'?>
<!DOCTYPE sailpoint PUBLIC "sailpoint.dtd" "sailpoint.dtd">

<!-- (c) Copyright 2016 SailPoint Technologies, Inc., All Rights Reserved. -->
<sailpoint>
<ImportAction name="merge">
		<Configuration name="SystemConfiguration">
			<Attributes>
				<Map>
					<entry key='quickLinkCategories'>
						<value>
							<List>
								<QuickLinkCategory
									name="SystemHealthCheck"
									messageKey="System Health Check" enabled="true"
									icon="quickLinkCategoryCustom" />
							</List>
						</value>
					</entry>
				</Map>
			</Attributes>
		</Configuration>
	</ImportAction>
	<QuickLink action="external" category="SystemHealthCheck"
		messageKey="Health Check Up" name="SystemHealthCheck" ordering="4">
		<Attributes>
			<Map>
				<entry key="url" value="plugins/pluginPage.jsf?pn=System_HealthCheck" />
			</Map>
		</Attributes>
		<QuickLinkOptions allowSelf="true">
			<DynamicScopeRef>
				<Reference class="sailpoint.object.DynamicScope"
					name="System_Health_Check_Up" />
			</DynamicScopeRef>
		</QuickLinkOptions>
	</QuickLink>
	</sailpoint>