<?xml version='1.0' encoding='UTF-8'?>
<!DOCTYPE Plugin PUBLIC "sailpoint.dtd" "sailpoint.dtd">
<Plugin certificationLevel="None" displayName="System_HealthCheck" minSystemVersion="8.1" name="System_HealthCheck" version="8.2">
  <Attributes>
    <Map>
      <entry key="minUpgradableVersion" value="1.2" />
	  <entry key="fullPage">
		<value>
			<FullPage title="System Health Check"/>
		</value>
	  </entry>
     <entry key="restResources">
        <value>
          <List>
            <String>com.nsc.test.HealthCheck</String>
	   <String>org.glassfish.jersey.media.multipart.MultiPartFeature</String>
          </List>
        </value>
      </entry>
    </Map>
  </Attributes>
</Plugin>